,Business Area,Var Plan
0,Infrastructure,1608293.1090000644
1,BU,709001.6579999933
2,Distribution,374101.0439999991
3,Manufacturing,210743.48099999505
4,R&D,70433.66700000968
5,Services,5238.57899999962
6,Office & Administrative,-848052.2159999884
